url,POSTING_CARD_GALLERY,price_value,price_type,expenses_value,expenses_type,location,POSTING_CARD_FEATURES,description,CARD_FAV,POSTING_CARD_PUBLISHER,CARD_VIEWPHONE,CARD_WHATSAPP,CARD_CONTACT_MODAL,address,square_meters_area,rooms,bathrooms,phone,bedrooms,parking
/propiedades/clasificado/alclapin-monoambiente-contrafrente-con-pileta-muy-55581947.html,15,480000,$,89000,$,"Saavedra, Capital Federal",43 m² tot.1 amb.1 baño,"Alquiler de Departamento monoambiente en Saavedra, Capital Federal. Monoambiente en alquiler - edificio con pileta - estado muy bueno - contrafrente con balcon - cocina integrada - baño completo - muy luminoso. - Nota: debido al proceso inflacionario, se recomienda consultar últimos valores de expensas actualizados. - Para los casos de alquiler de vivienda, el monto máximo de comisión que se le puede requerir a los propietarios será el equivalente al cuatro con quince centésimos por ciento (4, 15%) del valor total del respectivo contrato. Se encuentra prohibido cobrar a los inquilinos que sean personas físicas comisiones inmobiliarias y gastos de gestoría de informes- loria Inmobiliaria: matriculas cpi 1300/8528. Caba. -xintel(lor-lor-1885) [apto garantia finaer]",,,,WhatsApp,Contactar,"BALBIN RICARDO AV. 4186. Entre Machain y Acha, mariano",43,1,1,,,
/propiedades/clasificado/alclapin-departamento-coghlan-55444878.html,25,540000,$,,,"Coghlan, Capital Federal",38 m² tot.1 amb.1 baño,"Monoambiente a estrenar con vista al frente, cocina integrada, living comedor / dormitorio, baño completo y balcón. Posee aire acondicionado y Wifi. (consulte por otras unidades de este emprendimiento (en otro piso, otra ubicación Y otras tipologías) descripción del emprendimientoimponente edificio en esquina con amplios frentes sobre las calles Núñez y Washington. Importante hall de ingreso que distribuye a 3 sectores de 6 pisos a través de un patio descubierto con diseño de paisajismo interior. Cuenta con una plataforma de locales comerciales con excelentes destinos, dos subsuelos de cocheras, uno destinado a parking, unidades de 1, 2, 3 y 4 ambientes con amplias terrazas y balcones. Tendrá unidades apto profesional y atractivos amenities: sum, sala de reuniones, gimnasio, piscina con solárium en dos niveles, vestuarios y laundry. Excelente accesibilidad, a metros de Av. Balbín y cercano a las Av. Congreso, Crisologo Larralde y General Paz, con amplia conectividad para entrar y salir de la ciudad. caracteristicas generales del conjunto- Terreno 2. 100 m2- Total construida 17. 000 m2- Amenities 915 m2- Estacionamientos 4. 200 m2- Residencial 9. 745 m2- Comercial 1. 380 m2planta baja- Hall de acceso peatonal sobre la calle Washington con frente vidriado, puerta de acceso, pisos reconstituidos, granito natural o porcellanato y revestimientos de acero inoxidable, espejo, mármol o madera. - Acceso vehicular a Estacionamiento Privado y a Estacionamiento Comercial sobre la calle Núñez. - Locales comerciales. - Estudios Apto Profesional- Servicio de guardia en acceso a estacionamientos y en recepción de hall. - Regulador y medidor de gas. - Acceso para discapacitados en cumplimiento con la ley de “Accesibilidad Física para Todos”. Se preverán los siguientes servicios sin provisión de equipamiento: - Control de accesos y circuito cerrado de cctv. - Servicio de telefonía interna directa desde cada unidad hacia el puesto de control y áreas comunes. - Sistema de detección de incendio reglamentario. - Ascensores con cabinas revestidas en acero inoxidable y espejo de amplias dimensiones, con botonera digital e indicador de piso en cabina y planta principal. primer subsuelo- Estacionamiento comercial con doble ancho rampa de ingreso. - Cámara transformadora de compañía prestadora de energía eléctrica (sujeto a aprobación de factibilidad) . - Sistema de ventilación mecánica y renovación de aire reglamentario en estacionamiento. segundo subsuelo- Estacionamiento propio de las unidades residenciales y las aptos profesionales. - Se accede directamente con rampa desde el 1º ss, con continuación directa a la calle Núñez. - Tanques de reserva e incendio. - Tanque de ralentización. - Sala para compactador. - Sala para ayudante de portería con sanitarios. - Sistema de ventilación mecánica y renovación de aire reglamentario en estacionamiento. - Espacio para grupo electrógeno (sin provisión de Grupo Electrógeno) (*1) para el conjunto. piso 1º: - Estudios Apto Profesional en el Sector contrafrente paralelo a la calle Núñez. - Entrepisos de Locales Comerciales. pisos 2º A 4º: - Unidades de 2, 3 y 4 ambientes. - Monoambientes/Aptos sobre la calle Washington. Piso 5: - Unidades de 2, 3 y 4 ambientes- Monoambientes y Aptos sobre la calle Washington. piso 6º: - Unidades de 2 y 3 ambientes en contrafrente. - Unidades de 2 ambientes con terraza en piso 7º- Monoambientes y Aptos sobre la calle Washington con terraza. piso 7º: - Terrazas de unidades del piso 6º. - Piscina: 17m x 5m / con solárium en dos niveles. - Sum: 8m x 17m / sala de reuniones. - Gym: 8m x 15m. - Vestuarios para hombres y mujeres. - Portería. - Laundry. piso 8º: - Salas de máquinas de ascensores. - Terraza inaccesible Todas las imágenes, planos, descripciones, y características indicadas son meramente referenciales e ilustrativas y podrán ser modificadas sin previo aviso. Las superficies indicadas son estimadas. Las superficies y medidas definitivas surgirán del plano de mensura final aprobado oportunamente por el gcba. Las fechas de inicio de obra o posesión son estimadas, podrán ser reprogramadas por la Dirección de obra y dependerán a su vez de un proceso de aprobaciones municipales u otros organismos intervinientes. Los precios indicados podrán modificarse sin previo aviso. El interesado deberá realizar las verificaciones respectivas previamente a la realización de cualquier operación, requiriendo por sí o sus profesionales las copias necesarias de la documentación que corresponda.",,,,WhatsApp,Contactar,Núñez y Washington - Unidad 202,38,1,1,,,
/propiedades/clasificado/alclapin-mono-ambiente-super-amplio-impecable-estado-balcon-55147785.html,6,450000,$,83000,$,"Saavedra, Capital Federal",45 m² tot.1 amb.1 dorm.1 baño,"Alquiler de Departamento en Saavedra, Capital Federal, al frente con balcón-descripción: -Excelente y hermoso departamentos en la mejor zona de Saavedra. -Aire acondicionado. -Departamento mono ambiente super amplio con cocina integrada, ambiente al frente con salida al balcon. -Baño completo. -Edificio de categoría que cuenta con 8 pisos y 4 departamentos por piso, todos excelentes mono ambientes divisibles y con detalles únicos de terminación y balcón. -En planta baja: Hall de acceso, local comercial y ascensor de última tecnología. -Todas las unidades están equipadas con pisos de Porcelanato, carpintería de aluminio con doble vidrio, cocina eléctrica de acero inoxidable, grifería Fv y sanitarios Roca. -El edificio cuenta con sum- Laundry- Parrilla- Terraza. Grupo electrógeno propio en caso de corte de energía y bajas expensas. Agua caliente central y calefacción por aire frio/calor. -Medios de transporte: Tren (línea Mitre) Colectivos de diversos ramales tales como línea 29, 67, 130, 41, 175, 76, 19 y 71 entre muchos otros.",,,,WhatsApp,Contactar,Balbin 3695,45,1,1,,1,
/propiedades/clasificado/alclapin-1amb-c-bcon-aterrazado-sum-c-parrrilla-t-luz-y-sol-55595808.html,12,430000,$,90000,$,"Coghlan, Capital Federal",38 m² tot.1 amb.1 baño,"Excelente mono ambiente a estrenar con balcón aterrazado. Super luminoso. Cocina incorporada y baño completo. El edificio cuenta con amplio sum con parrilla, sector solárium y laundry. Aysa incluido en expensas. Somos Verges Cuevas Propiedades. Conectamos personas, encontramos hogaresEdificio Accesible&quot;Para los casos de alquiler de vivienda, el monto máximo de comisión que se le puede requerir a los propietarios será el equivalente al cuatro con quince centésimos por ciento (4, 15%) del valor total del respectivo contrato. Se encuentra prohibido cobrar a los inquilinos que sean personas físicas comisiones inmobiliarias y gastos de gestoría de informes &quot;",,,,,Contactar,Romulo Naon al 3500,38,1,1,,,
/propiedades/clasificado/alclapin-esplendido-monoambiente-a-estrenar-con-amplio-balcon-55439892.html,7,500000,$,45000,$,"Saavedra, Capital Federal",36 m² tot.1 amb.1 baño,"A estrenar monoambiente ubicado a 400 metros de la av. Cabildo, con acceso a varias lineas de colectivo. Rápido acceso a Gral Paz y Panamericana. Requisitos: -1 mes de depósito. -1 mes de adelantado. -ingresos comprobables. -garantia de capital federal O seguro de caución. ¿Querés saber más? Llamanos! Nos encantaría que se convierta en tu próximo sueño de hogar! Coronel fernandez real estate",,,,WhatsApp,Contactar,arias,36,1,1,,,
/propiedades/clasificado/alclapin-alquiler-departamento-monoambiente-con-balcon-terraza-55601597.html,27,450000,$,,,"Coghlan, Capital Federal",40 m² tot.1 amb.1 baño,"Monoambiente al frente con gran balcón aterrazado a estrenar en Villa Urquiza en el límite con Coghlan. Ambiente - Cocina integrada - Baño completo con bañera - Amplio Balcón Terraza. Detalle de la propiedad: - A estrenar! - Al frente. - Cocina integrada con muebles de bajo y sobre mesada. - Posee un equipo de Aire Acondicionado tipo split frío / calor. - Excelentes detalles de terminación. - Súper Luminoso. - Tiene un espectacular balcón aterrazado para disfrutar en reuniones con familia y amigos. Excelente ubicación! - La propiedad se encuentra ubicada en una de las mejores zonas residenciales de Villa Urquiza, a sólo 2 cuadras de la Avenida Congreso, a 4 de la Avenida Monroe, a 6 de la Avenida Alvarez Thomas y a 9 de la Avda. Triunvirato. Se encuentra emplazada a menos de 10 cuadras del centro comercial de Villa Urquiza, a escasas 2 cuadras de la sede del C. B. C. De la U. B. A. Drago y a 3 cuadras del nuevo polo gastronómico DoHo ubicado en el corredor Donado Holmberg. Todos los Medios de Transporte! - A sólo 2 y 3 cuadras de las Estaciones de Ferrocarril ""Luis María Drago"" y ""Coghlan"" (Línea Mitre) - A aproximadamente 10 cuadras de la Estación de Subterráneo ""Juan Manuel de Rosas - Villa Urquiza"" (Línea ""B"") y. - Varias Líneas de Colectivo. raccone propiedades - Tel. Ver datos - Contacto: Sr. Alberto - Cel. (11) Ver datos",,,,WhatsApp,Contactar,Holmberg 2700,40,1,1,,,
/propiedades/clasificado/alclapin-monoambiente-espectacular-en-saavedra-55477728.html,21,500000,$,120000,$,"Saavedra, Capital Federal",40 m² tot.1 amb.1 baño,"Amplio monoambiente a estrenar con amenities en Saavedra. Ubicado sobre la calle Arias al 3000, este departamento de un ambiente ofrece comodidad y estilo. En un tercer piso al contrafrente, se encuentra en una ubicación estratégica, a pasos de Av. Cabildo, con fácil acceso a Panamericana y Av. General Paz. El ambiente principal mide 5, 90 x 3, 50 m, con un diseño funcional que incluye cocina equipada con espacio para lavarropas, baño completo con ducha, y balcón con parrilla. Características destacadas del edificio: Seguridad 24 horas con cámaras y tótem. Terraza con piscina, parrillas y solárium. Laundry. Salón de usos múltiples (sum). Cocheras disponibles. Apto profesional. Pantalla visor. Detalles de calidad: Pisos flotantes de madera. Baño revestido en porcelanato, con artefactos Ferrum y griferías fv. Climatización con aire acondicionado frío-calor. Mobiliario de cocina Johnson. Diseño moderno y excelente calidad constructiva para quienes buscan vivir o trabajar en un entorno cómodo y sofisticado.",,,,WhatsApp,Contactar,Arias  3000,40,1,1,,,
/propiedades/clasificado/alclapin-departamento-monoambiente-en-alquiler-1-bano-42-55249154.html,14,450,USD,60000,$,"Saavedra, Capital Federal",42 m² tot.1 amb.1 baño,"_ Departamento monoambiente en venta ubicado sobre calle Doctor Rómulo Naón y Jaramillo (Saavedra, Ciudad Autónoma de Buenos Aires). Desarrollado en piso bajo por ascensor, con disposición frente y orientación norte. _ El mismo posee un espacio principal con cocina con muebles sobre y bajo mesada y un baño completo con bañera. Luminoso, cuenta con balcón y equipo de aire acondicionado. _ La propiedad tiene una superficie total de aproximadamente 42mts2, de los cuales 35mts2 son cubiertos. _ Las expensas al día 16/07/2024 son de aproximadamente $60. 000. Yacoub | Construimos ConfianzaInnovación | Calidad | Sustentabilidad | Diseño70 Mil Metros Cuadrados | 19 Torres La información descripta en el presente aviso es meramente orientativa y no forma parte de ningún tipo de documentación contractual. Los datos enunciados fueron proporcionados por los propietarios y pueden arrojar inexactitudes, las superficies definitivas surgirán del título de propiedad del inmueble referido. Se deja constancia de que los valores y/o expensas pueden estar sujetas a verificación o ajuste. Lo que estás buscando lo tenemos | Estés Donde EstésVendemos en Todos Lados",,,,WhatsApp,Contactar,Doctor Rómulo Naón y Jaramillo,42,1,1,,,
/propiedades/clasificado/alclapin-departamento-monoambiente-en-alquiler-1-bano-31-55432519.html,5,450000,$,,,"Saavedra, Capital Federal",31 m² tot.1 amb.1 baño,"_ Departamento monoambiente en alquiler ubicado sobre calle Zapiola entre Correa y Avenida Ruiz Huidobro (Saavedra, Buenos Aires). Desarrollado en piso alto por ascensor, con disposición contra frente y orientación al noreste. _ El mismo posee cocina equipada con muebles sobre y bajo mesada, un espacio principal con espacios de guardado empotrados y un baño completo. Luminoso, cuenta con balcón y muy buena ventilación natural. _ La propiedad tiene una superficie total de aproximadamente 31mts2, de los cuales 29mts2 son cubiertos. _ Las expensas al día 28/01/2025 son de aproximadamente $100. 000. Yacoub | Construimos ConfianzaInnovación | Calidad | Sustentabilidad | Diseño70 Mil Metros Cuadrados | 19 Torres La información descripta en el presente aviso es meramente orientativa y no forma parte de ningún tipo de documentación contractual. Los datos enunciados fueron proporcionados por los propietarios y pueden arrojar inexactitudes, las superficies definitivas surgirán del título de propiedad del inmueble referido. Se deja constancia de que los valores y/o expensas pueden estar sujetas a verificación o ajuste. Lo que estás buscando lo tenemos | Estés Donde EstésVendemos en Todos Lados",,,,WhatsApp,Contactar,Zapiola e/ Correa y Avenida Ruiz Huidobro,31,1,1,,,
/propiedades/clasificado/alclapin-alquiler-departamento-1-ambiente-con-terraza-y-55513929.html,44,650000,$,55000,$,"Saavedra, Capital Federal",56 m² tot.1 amb.1 baño,"Unidad de 1 ambiente con terraza propia, parrilla y baulera! Posee un cómodo ambiente de 56m2 totales, cocina integrada, baño completo y terraza de 25m2 con parrilla y espacio de guardado. Con excelente calidad en sus terminaciones como piso de tipo flotante de primera marca, muebles de cocina altos y bajos en melanina blanca y detalles en vidrio esmerilado, mesada de marca Silestone, anafe eléctrico, termotanque individual marca Reem, aberturas de aluminio dvh (Doble Vidriado Hermético), instalaciones para aires acondicionados en cada ambiente. Posee vestidor terminado y baño completo con paredes y pisos revestidos en porcelanattos, mesada en mármol de carrara, bacha, sanitarios y griferías de primera marca y espejo. Se entrega con Aire Acondicionado. Modernidad y calidad son las cualidades que se destacan en el emprendimiento Washington! Conformado por unidades de 1 y 2 ambientes con terrazas, balcones y jardines propios. No apto mascotas. El edificio se encuentra ubicado a metros del Parque Saavedra, con excelentes accesos hacia Gral Paz, Panamericana y Av. Lugones. Desarrollado en uno de los mejores y con mayor auge de lo últimos años y excelente polo gastronómico! Resto de excelente calidad con Dandy, heladerías, Bars, entre otros. Tasamos su propiedad sin compromiso. Estamos on line de Lunes a Sábados de 10 a 19 hrs. Nota importante: Toda la información y medidas provistas son aproximadas y deberán ratificarse con la documentación pertinente y no compromete contractualmente a nuestra empresa. Los gastos (expensas, abl) expresados refieren a la última información recabada y deberán confirmarse. Fotografías no vinculantes ni contractuales. Mat. Cucicba 5835Mat. Csi 5685",,,,WhatsApp,Contactar,Washington al 3800,56,1,1,,,
/propiedades/clasificado/alclapin-departamento-monoambiente-divisible-con-laundry-y-sum-55614502.html,9,380000,$,154000,$,"Saavedra, Capital Federal",50 m² tot.1 amb.1 baño,Departamento monoambiente divisible con laundry y sum en saavedraCándido Demetrio González - Mat. Cucicba N° 511,,,,WhatsApp,Contactar,Romulo S Naon  al 3500,50,1,1,,,
/propiedades/clasificado/alclapin-monoambiente-luminoso-con-amenities-en-piso-alto-55549086.html,24,480000,$,55000,$,"Saavedra, Capital Federal",28 m² tot.1 amb.1 baño,"Se alquila departamento monoambiente ubicado al frente en un piso alto cuenta con: - Placard. - Mesa. - Cama. - Heladera. - Parrilla. - Termotanque individual. - Aire acondicionado frio/calor. - Mesa de luz. - Rack de televisión. El edificio cuenta con sum, psicina, jardín artificial, camaras de segutidad y laundry. Para alquilarlo se necesita mes de alquiler (adelantado) y deposito. Garantia de seguro de caucion o fianza estilo: Finaer, Premium. Hoggax, Garantias Ya. Para visitarlo llamar al Ver datos. Art. 10 inc. 8 de ley 2340: “Para los casos de alquiler de vivienda, el monto máximo de comisión que se le puede requerir a los propietarios será el equivalente al cuatro con quince centésimos por ciento (4, 15%) del valor total del respectivo contrato. Se encuentra prohibido cobrar a los inquilinos que sean personas físicas comisiones inmobiliarias y gastos de gestoría de informes”. Cumpliendo con la ley 5115, ésta propiedad es apta para personas con movilidad reducida",,,,WhatsApp,Contactar,cramer 3951,28,1,1,,,
/propiedades/clasificado/alclapin-alquiler-coghlan-monoambiente-monroe-y-melian-55610852.html,19,500000,$,90000,$,"Coghlan, Capital Federal",32 m² tot.1 amb.1 baño,"Monoambiente – Avda. Monroe Nro. 3605, 4° “D” (esq. Melián) • Moderno depto al frente con balcón. Vista abierta, excelente luminosidad. • Excelente ubicación, a metros de la estación de tren “Coghlan”. • Superficie total: 32 m2 aprox (28 m2 cubiertos). • Hall de recepción, con placard. • Ambiente al frente, con salida a balcón (3x1) y placard. Todo pisos de porcelanato. Cuenta con aire acondicionado. • Sector cocina integrada, con muebles completos. • Baño completo. • Agua caliente central. • Edificio de pb y 8 pisos (6 deptos por piso) • Cuenta con totem de seguridad, laundry, sum, parrillas, piscina y solárium. Detalles y condiciones: • Expensas: $ 90. 000. - • Abona Luz, Gas, abl/Impuesto Inmobiliario, y Aysa (hoy con expensas). • Ajuste del precio trimestral, por ipc. • Se requiere seguro contra incendios. • No apto mascotas. • Ley 5115: Inmueble accesible para personas con discapacidad física. • Ley 2340 (modif. Por ley 5859): “Para los casos de alquiler de vivienda, el monto. máximo de comisión que se le puede requerir a los propietarios será el equivalente. al cuatro con quince centésimos por ciento (4, 15%) del valor total del respectivo. contrato. Se encuentra prohibido cobrar a los inquilinos que sean personas físicas. comisiones inmobiliarias y gastos de gestoría de informes”.",,,,WhatsApp,Contactar,Monroe 3605,32,1,1,,,
/propiedades/clasificado/alclappa-monoambiente-en-crisologo-larralde-3752-54934397.html,8,500000,$,48000,$,"Saavedra, Capital Federal",48 m² tot.1 amb.1 baño,"Alquiler de Departamento en Saavedra, Capital Federal, al frente con balcón. -descripción: -Excelente y hermoso departamentos en la mejor zona de Saavedra. -Mono ambiente super amplio con cocina integrada, lugar para colocar la heladera ( medida 75 x 60cm), espacio en bajo mesada para poner un lavarropa con carga central, ambiente al frente con salida al balcon. -Baño completo. -Edificio de categoría que cuenta con 9 pisos y 4 departamentos por piso. -En planta baja: Hall de acceso, administración del edificio y ascensor de última tecnología. No se acepta mascotas",,,,WhatsApp,Contactar,Crisólogo Larralde 3752,48,1,1,,,
/propiedades/clasificado/alclapin-departamento-monoambiente-en-alquiler-55444911.html,5,400000,$,80000,$,"Saavedra, Capital Federal",34 m² tot.1 amb.1 baño,Depto de 1 ambiente al contrafrente en muy buenas condiciones. Super luminoso y en muy buen estado.,,,,WhatsApp,Contactar,Deheza  al 3100,34,1,1,,,
/propiedades/clasificado/alclapin-alquiler-monoambiente-naon-coghlan-belgrano-nunez-51137573.html,14,400000,$,144000,$,"Coghlan, Capital Federal",35 m² tot.1 amb.1 baño,Monoambiente 35 mts. Naon 3500 entre Crisologo Larralde y Nuñez. Con balcón al contrafrente. Ambiente 3. 50 x 7. 20mts. Cocina integrada amplia con mesada desayuno. Muebles divisores y placard. Baño completo. Aire acondicionado frio/calor. Termotanque eléctrico. sum con parrilla y terraza. 6 pisos. 5 deptos por piso,,,,WhatsApp,Contactar,Naon 3500,35,1,1,,,
/propiedades/clasificado/alclapin-monoambiente-a-estrenar-en-planta-baja-con-patio-55493624.html,12,460000,$,30000,$,"Saavedra, Capital Federal",44 m² tot.1 amb.1 baño,"Simpático monoambiente A estrenar en planta baja con patio de aprox. 16 mts. , muy luminoso. excelente ubicación media cuadra de donado Y A 5 cuadras de la gral. Paz. el complejo es eléctrico. el ambiente es de aprox. 28 mts, con placard, salida al patio por una ventana balcón con cortina de enrollar, cocina integrada con muebles altos Y bajo mesada, cocina con horno de 4 hornallas, termotanque bajo mesada, purificador de aire. baño completo con bañera Y mampara. consultar requisitos: ingresos comprobables. garantía propietaria. se acepta seguro de caución empresa premium group",,,,WhatsApp,Contactar,RAMALLO 4400,44,1,1,,,
/propiedades/clasificado/alclapin-monoambiente-alquiler-al-frente-coghlan-55387904.html,15,350000,$,90000,$,"Coghlan, Capital Federal",32 m² tot.1 amb.1 baño,"Gran edificio en esquinaexcelente monoambiente al frente con salida a balcon. Muy luminoso!! Piso altocon cocina integrada, muebles bajo mesada y anafe de 2 hornallas. !! 1 baño completo. El edificio cuenta con Solarium, parrilla, y laundry. *Se deja constancia que las medidas (tanto totales como parciales), superficies, m2 y proporciones indicadas en el presente son aproximadas y sujetas a verificación, variación y/o ajuste. El precio de la presente operación y/o de las expensas aquí indicadas están sujetos a modificación sin previo aviso. David melamud propiedades Matricula cucicba 7794",,,,,Contactar,Pedro Rivera y Conesa,32,1,1,,,
/propiedades/clasificado/alclapin-monoambiente-amplio-con-balcon-y-parrilla-propia-55323939.html,26,520000,$,143000,$,"Saavedra, Capital Federal",44 m² tot.1 amb.1 baño,"Monoambiente en alquiler en Saavedra. Moderno monoambiente muy luminoso! Con hermosa vista abierta al contrafrente. Cuenta con 45m2, balcón aterrazado con parrilla propia, living comedor con cocina semi-integrada, baño completo, numerosos amenities y cochera. Valor de expensas: $143. 000 aprox. - descripción - - Amplio living comedor con divisorio hecho a nuevo (que no se visualiza en las fotos), excelente ventilación y gran ventanal que accede al balcon aterrazado con parilla propia. - cocina semi integrada al living comedor, totalmente equipada conformada por: Alacenas, bajo mesada, mesada de granito, cuenta con gas natural, calefaccion por losa radiante y agua caliente por caldera individual. - Comodo y moderno vestidor. -amenities en el piso superior que cuentan con: Gran sum cubierto, cocina totalmente equipada y amplio balcon, ideal para reuniones. Ademas cuenta con hermosa terraza toda descubierta con enorme parrilla y gran vista abierta. El piso cuenta también con baños para ambos sexos y espacio para guardado de sillas, mesas y accesorios para los eventos en el sum. - El Barrio - Saavedra es un barrio residencial ubicado en el norte de la ciudad de Buenos Aires, limita con los barrios de Núñez al este, Coghlan y Villa Urquiza al sur, y con el partido de Vicente Lopez al norte. Se encuentra rodeado de espacios verdes ideal para andar en bicicleta o salir a caminar en familia, a 6 cuadras del parque Saavedra, a 2 de Plaza Balcarce, a 8 de plaza Benjamín Vicuña y Cercano a diversos locales comerciales, restaurantes y numerosos medios de transportes. - Ubicación geográfica: - ¡Excelentes accesos! Ubicado en barrio Saavedra sobre la calle Paroissien, entre Ciudad de La Paz y Amenábar, rodeado de importantes Avenidas, a 1 cuadra de Av. Cabildo, a 1 de Av. García del Rio, a 3 de Av. Cramer y de la Estación Nuñez del ferrocarril Mitre. - Transporte cercanos: - Colectivos: 59-60-Ver datos-151-29-Ver datos-184. Tren: ffcc Mitre (Núñez) - Contáctate con nosotros! - Coordina tu visita al: Ver datos / 5215. Whatsapp: 1Ver datos. Nos encontrás en las oficinas: Av. Mosconi 3467, Villa Devoto, caba. werba. com. ar. cucicba M. N 7317 - werba inmuebles. Se deja constancia que las medidas en m2 son aproximados y a solo efecto orientativo, al igual que las medidas parciales de los ambientes, y el valor consignado de las expensas mensuales esta sujeto a verificacion y/o ajustes. El precio del inmueble puede ser modificado sin previo aviso. Fotos de caracter no contractual. . - werba inmuebles. - Para los casos de alquiler de vivienda, el monto máximo de comisión que se le puede requerir a los propietarios será el equivalente al cuatro con quince centésimos por ciento (4, 15%) del valor total del respectivo contrato. Se encuentra prohibido cobrar a los inquilinos que sean personas físicas comisiones inmobiliarias y gastos de gestoría de informes. xintel(wer-wer-1604)",,,,WhatsApp,Contactar,PAROISSIEN 2500. Entre Amenabar y Ciudad de la paz,44,1,1,,,
/propiedades/clasificado/alclapin-alquier-saavedra-1-ambiente-estrenar-55570550.html,18,450000,$,50000,$,"Saavedra, Capital Federal",31 m² tot.1 amb.1 baño,"Departamento de 1 ambiente al frente con gran balcon estrenar Departamento de un ambiente al frente, con gran balcón aterrizado, vidriado, ambiente piso de porcelanato con losa radiante eléctrica, placard con interiores, anafe eléctrico, baño completo con mampara. Muy luminoso, ambiente 4 x 3, 65. Vista abierta. Bajas expensas. Terraza con pasto artificial. Requisitos: 1 mes adelanto, 1 mes de depósito, recibidos de sueldo, garantía propietaria o seguro de caución. *Todas las operaciones inmobiliarias son concluidas por los martilleros y corredores colegiados, cuyos datos se exhiben debajo del nombre de la Empresa. Corredores publicos Y martilleros responsables: mario lópez moyano cmcpsi 3869. Mariela lópez dulce cucicba 8109. *aviso legal: Las descripciones arquitectónicas y funcionales, valores de expensas, impuestos y servicios, fotos y medidas de este inmueble son aproximados. Los datos fueron proporcionados por el propietario y pueden no estar actualizados a la hora de la visualización de este aviso por lo cual pueden arrojar inexactitudes y discordancias con las que surgen de los las facturas, títulos y planos legales del inmueble. Los precios indicados podrán modificarse sin previo aviso. La fechas de inicio de obra o posesión son estimadas, podrán ser reprogramadas por la Dirección de obra y dependerán a su vez de un proceso de aprobaciones municipales u otros organismos intervinientes. El interesado deberá realizar las verificaciones respectivas previamente a la realización de cualquier operación, requiriendo por sí o sus profesionales las copias necesarias de la documentación que corresponda. Venta supeditada al cumplimiento por parte del propietario de los requisitos de la resolución general Nº 2371 de la afip (pedido de coti). La publicación de este inmueble es a título informativo, la venta de la propiedad está supeditada a que el propietario cumplimente el trámite ante la afip para la obtención del Número de coti correspondiente. Asimismo en cumplimiento con la Ley 10. 973 de la Prov. Bs. As. , Ley 22. 802 de Lealtad Comercial, Ley 24. 240 de Defensa al Consumidor, las normas del Código Civil y Comercial de la Nación y Constitucionales, los agentes y/o vendedores no ejercen el corretaje inmobiliario.",,,,WhatsApp,Contactar,Tamborini al 2900,31,1,1,,,
/propiedades/clasificado/alclapin-alquiler-coghlan-1-amb-cocina-separada-lava-55596835.html,13,400000,$,65000,$,"Coghlan, Capital Federal",26 m² tot.1 amb.1 baño,"Corredor Responsable: Luis María Varela csi 5527 / cpi 3872- Contacto: Paola Yervasi. Departamento en alquiler de un ambiente - Espectacular vista panorámica- muy luminoso- Excelente ubicación. bajas expensas: $65. 000. - con aysa incluido. Monoambiente. Pisos de parquet - Gran placard. Estufa de tiro balanceado. Cocina totalmente equipada y refaccionada. - Muebles bajo mesada - Alacena - cocina a gas - lugar para una heladera grande- baño. Lavadero independiente - lugar para el lavarropas, y espacio para colgar ropa. Termotanque eléctrico. A una cuadra de la estación de tren \""Coghlan\"" A pocas cuadras de uba - Drago - Centro Comercial. Hospital Pirovano a 700 mts. A una cuadra de Av. Congreso - líneas de colectivo. Requisitos: - Contrato por 2 años - actualización trimestral por ipc. - Garantía: Seguro de Caución Finaer. - Demostración de ingresos- - Depósito de 1 mes. Remax Argentina S. R. L. No ejerce el corretaje inmobiliario. El presente sitio web es una plataforma en donde cada oficina inmobiliaria independiente que contrata los servicios re/max puede publicar las propiedades a su cargo. Cada oficina es de propiedad y gestión independiente, por lo que Remax Argentina S. R. L no interviene en los datos de la publicación, en la operación inmobiliaria, ni en la confección y/o firma del boleto de compraventa y/o escritura y/o contrato de alquiler. En cumplimiento de las leyes vigentes que regulan el corretaje inmobiliario, Ley Nacional 25. 028, Ley 22. 802 de Lealtad Comercial, Ley 24. 240 de Defensa al Consumidor, las normas del Código Civil y Comercial de la Nación y Constitucionales, los agentes/gestores no ejercen el corretaje inmobiliario. Todas las operaciones inmobiliarias son objeto de intermediación y conclusión por parte del corredor público inmobiliario colegiado a cargo de la publicación, cuyos datos se exhiben en la presente. La presente publicación describe las características esenciales del inmueble, debiéndose consultar al corredor público inmobiliario responsable de la operación por la eventual actualización de las medidas, descripciones arquitectónicas y funcionales, valores de expensas, servicios, impuestos, precios y demás información, cuyos valores son aproximados. Para los casos de alquiler de vivienda, el monto máximo de comisión que se le puede requerir a los propietarios será el equivalente al cuatro con quince centésimos por ciento (4, 15%) del valor total del respectivo contrato. Se encuentra prohibido cobrar a los inquilinos que sean personas físicas comisiones inmobiliarias y gastos de gestoría de informes. El inmueble no es accesible para personas con discapacidades físicas.",,,,WhatsApp,Contactar,Manuel Ugarte 3800,26,1,1,,,
/propiedades/clasificado/alclapin-monoambiente-amoblado-en-alquiler-en-coghlan-55456588.html,9,450000,$,74000,$,"Coghlan, Capital Federal",32 m² tot.1 amb.1 baño,"Hermoso monoambiente amoblado en alquiler. No acepta mascotas! Excelente ubicación sobre Ricardo Balbín al 2500, entre Franklin D. Roosevelt y Av. Monroe. A 2 cuadras del Hospital Pirovano y a 6 de Cabildo. Este luminoso ambiente cuenta con: microondas, heladera, sillon, mesita, puff, cama con cajonera, aire acondicionado frio/calor, tele, mesa con dos sillas, mueble de guardado. Monoambiente ubicado en el 10º al contrafrente. Super luminoso! Con orientación Oeste. Calefacción por losa radiante individual y aire acondicionado F/C. Cocina integrada con muebles altos y bajo mesada, anafe y horno electrico, monocomando y spar. Balcon con vista abierta, conexión para lavarropasBaño completo. Edificio con amenities en ultimo piso (Pileta, sum y parrilla) 13º // 3 departamentos en la planta tipo. sin encargado. Agua caliente central. Apto profesional. Requisitos: Demostración de Ingresos en blanco que tripliquen el valor del alquiler. En caso de presentar monotributo, debe constar la categoría y facturación correspondiente. / Garantía propietaria en caba de familiar directo o Seguro de caución / Antigüedad laboral a partir de un año / Contrato 24 meses / Depósito en dólares / Pedido de informes Dominio, Inhibición, Frecuencia. / Gasto de certificación de firmas. Aumento trimestral por ipc. apto para personas con movilidad reducida. C. U. C. I. C. B. A. - Matricula Nº 597 - Nota importante: Toda la información y medidas provistas son aproximadas, deberán ratificarse con la documentación pertinente y no compromete contractualmente a nuestra empresa. Los gastos (expensas, abl) expresados refieren a la última información recabada y deberán confirmarse. Fotografías no vinculantes ni contractuales. - C. U. C. I. C. B. A. - Matricula Nº 597 -Nota importante: Toda la información y medidas provistas son aproximadas, deberán ratificarse con la documentación pertinente y no compromete contractualmente a nuestra empresa. Los gastos (expensas, abl) expresados refieren a la última información recabada y deberán confirmarse. Fotografías no vinculantes ni contractuales.",,,,WhatsApp,Contactar,Ricardo Balbin 2500,32,1,1,,,
/propiedades/clasificado/alclapin-ambiente-en-urquiza-con-amenities-seguridad-24hs-55438733.html,9,450000,$,175000,$,"Coghlan, Capital Federal",31 m² tot.1 amb.1 baño,"** hermoso ambiente con balcón en inmejorable ubicación de villa urquiza / villa ortuzar ** apto profesional **donado Y roseti, A una cuadra de triunvirato y A tres cuadras de av de los incas. (A solo tres cuadras delsubte &quot;B&quot;) -A solo 3 cuadras del subte &quot;B&quot;. Estacion av de los incasedificio con piscina, seguridad 24hs, sum, sector parrillas, laundry. Baño completo, cocina integrada con bajo mesada, amplio ambiente aire acondicionado frio calor. Contrato a dos años con ajuste trimestral x icl. disponible!",,,,WhatsApp,Contactar,Roseti 2052,31,1,1,,,
/propiedades/clasificado/alclapin-monoambiente-en-alquiler-coghlan-belgrano-55514946.html,31,450000,$,156000,$,"Coghlan, Capital Federal",42 m² tot.1 amb.1 baño,"Corredor Responsable: Raul Hector Merlo cucicba 2407 / cmcpsi 5438- Contacto: Claudia Szakiel. Alquiler Monoambiente en Coghlan al límite con Belgrano. Se ofrece en alquiler un monoambiente luminoso, ubicado en el 2° piso al frente, en el barrio de Coghlan. La unidad cuenta con las siguientes características: Cocina integrada con desayunador, artefactos eléctricos y bajo mesada a medida, brindando comodidad y funcionalidad. Baño completo con bañera. Ambiente principal 37, 50m con salida al balcón de 4, 00m, perfecto para disfrutar del aire libre y la luz natural. El edificio ofrece servicios adicionales como losa radiante, aire acondicionado, agua por caldera, laundry, y cámaras de seguridad. Alquiler: $450. 000 + expensas + servicios. Expensas: $156. 000 incluye Aysa. Condiciones de Ingreso: Seguro de caución y demostración de ingresos. Mes de depósito $450. 000 y el mes de alquiler por adelantado. Duración del contrato: 24 meses, con ajustes trimestrales basados en el índice ipc (Indice de Precios al Consumidor). Ubicación: Situado sobre calle Roosevelt entre Conde y Freire, a solo 1 cuadra de Av. Monroe, Av. Ricardo Balbín y Dr. Pedro Rivera. A 3 cuadras de Av. Cramer y a 8 cuadras de Av. Cabildo, con cercanía a las estaciones del subte D: Congreso de Tucumán y Juramento, lo que proporciona una excelente conectividad al resto de la Ciudad. Remax Argentina S. R. L. No ejerce el corretaje inmobiliario. El presente sitio web es una plataforma en donde cada oficina inmobiliaria independiente que contrata los servicios re/max puede publicar las propiedades a su cargo. Cada oficina es de propiedad y gestión independiente, por lo que Remax Argentina S. R. L no interviene en los datos de la publicación, en la operación inmobiliaria, ni en la confección y/o firma del boleto de compraventa y/o escritura y/o contrato de alquiler. En cumplimiento de las leyes vigentes que regulan el corretaje inmobiliario, Ley Nacional 25. 028, Ley 22. 802 de Lealtad Comercial, Ley 24. 240 de Defensa al Consumidor, las normas del Código Civil y Comercial de la Nación y Constitucionales, los agentes/gestores no ejercen el corretaje inmobiliario. Todas las operaciones inmobiliarias son objeto de intermediación y conclusión por parte del corredor público inmobiliario colegiado a cargo de la publicación, cuyos datos se exhiben en la presente. La presente publicación describe las características esenciales del inmueble, debiéndose consultar al corredor público inmobiliario responsable de la operación por la eventual actualización de las medidas, descripciones arquitectónicas y funcionales, valores de expensas, servicios, impuestos, precios y demás información, cuyos valores son aproximados. Para los casos de alquiler de vivienda, el monto máximo de comisión que se le puede requerir a los propietarios será el equivalente al cuatro con quince centésimos por ciento (4, 15%) del valor total del respectivo contrato. Se encuentra prohibido cobrar a los inquilinos que sean personas físicas comisiones inmobiliarias y gastos de gestoría de informes. El inmueble no es accesible para personas con discapacidades físicas.",,,,WhatsApp,Contactar,Franklin D. Roosevelt 3200,42,1,1,,,
/propiedades/clasificado/alclapin-monoambiente-amoblado.-frente.-balcon.-coghlan-55553469.html,20,500000,$,50000,$,"Coghlan, Capital Federal",39 m² tot.1 amb.1 baño,"En Zapiola y Tamborini a pasos de Cramer, te traemos este hermoso monoambiente amoblado, listo para que lo ocupes. Diseño minimalista. Moderno. El edificio cuenta con amplios espacios comunes. Es al frente con un balcón aterrazado de grandes dimenciones El departamento está en el 2 ° piso. Tiene baño completo La cocina integrada está muy bien equipada. Split A/A y calefacción por losa radiante que controlás desde la misma unidad. Lo ofrecemos amoblado. También tenes la opción de alquilarlo sin los muebles, consultanos. Condiciones de contratación Contrato por 24 meses Ajuste cuatrimestral por icl Garantía Propietaria en caba o seguro de caución, Finaer, Afianzar, Respaldar o Premium Depósito 2 meses o su equivalente en U$S Se requieren ingresos comprobables, el monto del alquiler no debe superar el 30 % de los ingresos. Para máximo 2 personas. No se aceptan mascotas. Gastos a cargo del locador: expensas comunes, abl ( tasa Alumbrado Barrido y limpieza) y Aysa y servicio. Gastos por informes comerciales y de garantía. Certificación de firmas en escribanía. Se solicitará al locatario seguro de incendio. Matrícula Nº 5982 cucicba. Para los casos de alquiler de vivienda, el monto máximo de comisión que se le puede requerir a los propietarios será el equivalente al cuatro con quince centésimos por ciento (4, 15%) del valor total del respectivo contrato. Se encuentra prohibido cobrar a los inquilinos que sean personas físicas comisiones inmobiliarias y gastos de gestoría de informes. - Se deja constancia que las medidas, superficies, m² y proporciones consignadas son aproximados, al igual que las medidas parciales y/o de los ambientes están sujetas a verificación y/o ajuste. Las reales surgirán de los respectivos planos y/o escritura. El valor indicado de expensas está sujeto a variación. El precio del inmueble puede ser modificado sin previo aviso. Fotos de carácter no contractual.",,,,WhatsApp,Contactar,Zapiola 3216,39,1,1,,,
/propiedades/clasificado/alclapin-departamento-de-1-ambiente-55437095.html,6,350000,$,80000,$,"Saavedra, Capital Federal",30 m² tot.1 amb.1 baño,"Departamento de 1 ambiente al contrafrente con balcón, cocina separada y baño completo. Separador de ambiente. Luminoso",,,,WhatsApp,Contactar,Superi  3500 2°,30,1,1,,,
/propiedades/clasificado/alclapin-alquiler-monoambiente-a-prof.-balcon.-holmberg-4100-55497637.html,7,370000,$,115000,$,"Saavedra, Capital Federal",31 m² tot.1 amb.1 baño,"Impecable monoambiente. Apto profesional. Orientado al frente. Balcon aterrazado. Living comedor. Cocina integrada con anafe electrico. Baño completo. Lavadero incorporado. Pisos de porcelanato. Servicios Centrales. Aysa incluida en expensas. Ubicación: Entre Vilela y Besares. A metros de Estación Saavedra ffcc Mitre y Corredor Aeróbico de Donado, a una cuadra de Av. Balbín, 1/2 cuadra del Hipermercado coto, y a 6 cuadras equidistantes del Parque Sarmiento y Parque Saavedra. Condiciones basicas de alquiler de caba: depósito, mes adelantado, Garantía (preferentemente garantía propietaria de caba o gba Zona Norte o Garantía de fianza), Justificación de ingresos, gastos de certificación de firmas y averiguación de garantía. De lisio consultores inmobiliarios. C. U. C. I. C. B. A 4553. Para los casos de alquiler de vivienda, el monto máximo de comisión que se le puede requerir a los propietarios será el equivalente al cuatro con quince centésimos por ciento (4. 15%) del valor total del respectivo contrato. Se encuentra prohibido cobrar comisiones inmobiliarias y gastos de gestoría de informes a los inquilinos, en el caso de ser personas físicas. Se deja constancia que los m2 indicados son aproximados, al igual que las medidas parciales de los ambientes, y el valor consignado de expensas mensuales está sujeto a verificación y/o ajustes. El precio del inmueble puede ser modificado sin previo aviso. Fotos y funcionamiento de artefactos de carácter no contractual. Medidas aproximadas. balcon aterrazado. 4, 8 x 1, 4. living comedor. 5, 7 x 3. cocina integrada con anafe electrico. 2, 9 x 1, 5. baño completo. 1, 5 x 2, 3",,,,WhatsApp,Contactar,Holmberg 4100,31,1,1,,,
/propiedades/clasificado/alclapin-departamento-saavedra-55553110.html,14,350000,$,140000,$,"Saavedra, Capital Federal",28 m² tot.1 amb.1 baño,Departamento Monoambiente al frente con balcón! Son 28 m2 cubiertos + 3 m2 de balcón. Contrato A 2 años actualizado trimestralmente por ipc,,,,,Contactar,Quintana al 4700,28,1,1,,,
/propiedades/clasificado/alclapin-alquiler-saavedra-1-amb-departamento-monoambiente-55446185.html,16,530000,$,99812,$,"Saavedra, Capital Federal",41 m² tot.1 amb.1 baño,"Increíble monoambiente con vestidor, suite y toilette. Conexión lavarropa, barra desayunadora y balcón francés. ¿Listo para conocer tu nuevo hogar? Sumergite en una experiencia única: ¡Descubrí nuestro Open house 24x7! Explora virtualmente el departamento con nuestro tour 360º y disfruta de videos detallados. ¡No te lo pierdas! Excelente zona, próximo a Av. Balbín y Crisologo Larralde, con múltiples comercios, supermercados, bancos, etc. Transporte cercano: Colectivos: 29, 67, 71, 76, 130. Trenes: Est. Luis María Saavedra (fc mitre - Retiro) Monoambiente con balcón francés, vestidor y toilette (2 baños). Cocina con barra desayunadora. Destacados: - Monoambiente al contrafrente. - Cocina super equipada con alacenas, bajo mesada y barra desayunadora. - Vestidor con colgar corto y largo. - Aire acondicionado primera marca. - Pisos de porcelanato/flotante. - Agua caliente central. - Baño completo con accesorios, espejo y bañera. - Balcón francés. - Conexión para lavarropa. - Toilette. Importante: - El departamento se entrega recién pintado, deberá devolverse en idénticas condiciones. - Locatario debe justificar ingresos comprobables (jubilaciones y pensiones no, ya que son inembargables) acorde al monto del alquiler y expensas. - Contrato por dos años. - Ajuste trimestral icl. - 1 mes de deposito. - Abl/inmobiliario y seguro integral a cargo del locatario. - Propietario no acepta mascotas. - Se requiere garantía Finaer. Apto sistemas de garantías de alquiler Finaer. Visitas solo acompañado con personal de la firma.",,,,WhatsApp,Contactar,NAON 3600,41,1,1,,,
/propiedades/clasificado/alclapin-departamento-en-alquiler-en-saavedra-capital-federal-55576382.html,14,550000,$,100000,$,"Saavedra, Capital Federal",36 m² tot.1 amb.,"Monoambiente Al Frente con Amenities - Saavedra. monoambiente al frente con amenities - saavedra. Departamento de 36, 00 m² - living comedor: 4. 50 x 3. 60. - cocina integrada: 1. 90 x 0. 85. - dormitorio: 2. 90 2. 85. - 1 baño. - balcon: 5. 50 x 1. 50. requisitos de alquiler para viviendas: *seguro de caución finaer excluyente. *recibo de sueldo, comprobantes de ingresos justificados. * gastos de -luz – gas- – aysa- abl A cargo del locatario. *vigencia del contrato: 24 meses. *máximo de ocupantes: 2. *mascotas: no. *incrementos cuatrimestral indice ipc. *A tener en cuenta: todos los contratos detallan que el locatario deberá gestionar un seguro contra incendio, resp. Civil Y linderos A favor del locador. *el valor de expensas en el caso de poseer, es A modo orientativo, los valores exactos serán A verificar de acuerdo A la última liquidación. Se encuentra prohibido cobrar comisiones inmobiliarias Y gastos de gestoría de informes A los inquilinos que sean personas físicas. Para los casos de alquiler de vivienda, el monto máximo de comisión que se le puede requerir A los propietarios será el equivalente al cuatro con quince centésimos por ciento (4, 15%) del valor total del respectivo contrato (conf. El art. 4 de la ley 5. 859 de C. A. B. A) aviso legal: las descripciones arquitectónicas Y funcionales, valores de expensas, impuestos Y servicios, fotos Y medidas de este inmueble son aproximados. Los datos fueron proporcionados por el propietario Y pueden no estar actualizados A la hora de la visualización de este aviso por lo cual pueden arrojar inexactitudes Y discordancias con las que surgen de los las facturas, títulos Y planos legales del inmueble. El interesado deberá realizar las verificaciones respectivas previamente A la realización de cualquier operación, requiriendo por sí O sus profesionales las copias necesarias de la documentación que corresponda. Matricula C. U. C. I. C. ba N° 6651 Y matricula C. M. C. P. S. I N° 6192. matias marcolini propiedades. Ver datos. www. marcoliniprop. com. ar. tel. Ver datos. Edificio de 4 años de antigüedad. - cuenta con solarium, pileta, parrilla, sum, gym Y laundry. Agua caliente central Y calefaccion por loza radiante, piso de porcelanato en el living, piso flotante en el dormitorio Y placares espejados con interiores completos.",,,,WhatsApp,Contactar,Av Ricardo Balbín 4300,36,1,,,,
/propiedades/clasificado/alclapin-amplio-monoambiente-luminoso-en-alquiler-en-coghlan-55593735.html,28,400000,$,125720,$,"Coghlan, Capital Federal",42 m² tot.1 amb.1 baño,"Amplio y luminoso monoambiente dividido en alquiler en edificio moderno en el Barrio de Coghlan. Se ingresa a un hall, con puerta de acceso al baño completo. El dormitorio tiene una amplia ventana con placard con interior completo. El living comedor posee cocina integrada, con mucho espacio de guardado. Los pisos son de Porcelanato y posee aire frio calor. Salida a balcón aterrazado, con parrilla propia y vista a contra frente a solárium y pileta. Ubicación Se encuentra en el barrio de Coghlan a 2 cuadras de la avenida Balbín con todos los medios de transporte. Advertencia importante: Los montos especificados de expensas responden a una declaración del propietario el día que fue visitada la propiedad por nuestro personal, habitualmente el mismo no esta actualizado. Verificar el monto actualizado previo al alquiler/compra de la propiedad. Las medidas, superficies consignados en la presente son aproximados y que no resultan vinculantes, los datos definitivos son los que surgen del título de propiedad. Fotos de carácter no contractual - La oferta de este inmueble es a solo título informativo, pues la venta de la propiedad está supeditada a que el propietario cumplimente el trámite ante la afip para la obtención del Nro. De C. O. T. I. Ley 5859 art. 5. Se encuentra prohibido cobrar comisiones inmobiliarias y gastos de gestoría de informes a los inquilinos que sean personas físicas. Para los casos de alquiler de vivienda, el monto máximo de comisión que se le puede requerir a los propietarios será el equivalente al cuarto con quince centésimos por ciento (4, 15%) del valor total del respectivo contrato. Matricula cucicba 7724. Aviso publicado por Pixel Inmobiliario (Servicio de Páginas Web para Inmobiliarias). #1042",,,,WhatsApp,Contactar,"washigton 3200 , Coghlan, Capital Federal, Argentina.",42,1,1,,,
/propiedades/clasificado/alclapin-alquiler-dpto-momonoambiente-a-estrenar-saavedra-55502710.html,18,480000,$,,,"Saavedra, Capital Federal",41 m² tot.1 amb.1 baño,"Corredor Responsable: Florencia Saravi cpi 8469 / cmcpsi 7034- Contacto: Andrea Represas. Hermoso monoambiente a estrenar en alquiler, barrio Saavedra. Se trata de un hermoso departamento muy luminoso y de cómodas dimensiones. El sector de la cocina esta separado por una barra del living, tiene dos mesadas enfrentadas, lugar para lavarropas, cocina y un extractor de humo, con una linda bacha y mucho lugar de guardado. Living de 6. 50m x 3m. Baño completo y placard con sus interiores. Desde el living por gran ventanal se accede al balcón de 3m X 1m. Aire acondicionado frio/ calor. Cerramientos con doble vidrio. Ajuste trimestral según ipc. Para ingreso se requiere garantía propietaria o seguro de caución y demostración de ingresos. Remax Argentina S. R. L. No ejerce el corretaje inmobiliario. El presente sitio web es una plataforma en donde cada oficina inmobiliaria independiente que contrata los servicios re/max puede publicar las propiedades a su cargo. Cada oficina es de propiedad y gestión independiente, por lo que Remax Argentina S. R. L no interviene en los datos de la publicación, en la operación inmobiliaria, ni en la confección y/o firma del boleto de compraventa y/o escritura y/o contrato de alquiler. En cumplimiento de las leyes vigentes que regulan el corretaje inmobiliario, Ley Nacional 25. 028, Ley 22. 802 de Lealtad Comercial, Ley 24. 240 de Defensa al Consumidor, las normas del Código Civil y Comercial de la Nación y Constitucionales, los agentes/gestores no ejercen el corretaje inmobiliario. Todas las operaciones inmobiliarias son objeto de intermediación y conclusión por parte del corredor público inmobiliario colegiado a cargo de la publicación, cuyos datos se exhiben en la presente. La presente publicación describe las características esenciales del inmueble, debiéndose consultar al corredor público inmobiliario responsable de la operación por la eventual actualización de las medidas, descripciones arquitectónicas y funcionales, valores de expensas, servicios, impuestos, precios y demás información, cuyos valores son aproximados. Para los casos de alquiler de vivienda, el monto máximo de comisión que se le puede requerir a los propietarios será el equivalente al cuatro con quince centésimos por ciento (4, 15%) del valor total del respectivo contrato. Se encuentra prohibido cobrar a los inquilinos que sean personas físicas comisiones inmobiliarias y gastos de gestoría de informes. El inmueble no es accesible para personas con discapacidades físicas.",,,,WhatsApp,Contactar,Correa 4000,41,1,1,,,
/propiedades/clasificado/alclapin--propiedad-reservada-monoambiente-al-frente-con-55147092.html,17,550000,$,56000,$,"Saavedra, Capital Federal",43 m² tot.1 amb.1 dorm.1 baño1 coch.,"Alquiler de Depto. 1 ambiente c/ balcon terraza y cochera en Saavedra. excelente departamento al frente con balcon terraza - ambiente de 9, 00x4, 00 C/ salida A balcon de 4, 00x2, 10 - excelente estado - apto profesional - superficie aprox. 43 M2 - bajas expensas - super luminoso - cochera fija cubierta - reja plegable - excelente ubicacion - (las expensas incluyen aysa) El valor consignado de expensas está sujeto a variación y/o ajuste. Las medidas, superficies y los m2 indicados son aproximados y solo a título informativo. Estela donofrio Propiedades - Av. Federico Lacroze 2909 caba // Horarios de atención: Lun a Vie de 10 a 13hs y 15 a 19hs / Sab de 10 a 13hs. Para los casos de alquiler de vivienda, el monto máximo de comisión que se le puede requerir a los propietarios será el equivalente al cuatro con quince centésimos por ciento (4, 15%) del valor total del respectivo contrato. Se encuentra prohibido cobrar a los inquilinos que sean personas físicas comisiones inmobiliarias y gastos de gestoría de informes. xintel(edp-edp-513)",,,,WhatsApp,Contactar,"PINTO 3277. Entre Tamborini, jose p. y Pedraza, manuela",43,1,1,,1,1
/propiedades/clasificado/alclapin-alquiler-gran-monoambiente-cochera-individual-balcon-55634400.html,17,700000,$,200000,$,"Saavedra, Capital Federal",46 m² tot.1 amb.1 dorm.1 baño1 coch.,Edificio entre medianeraAtípico Monoambiente con ambientes ampliosMuy buenos Detalles de terminación de ultima generaciónEscritorioPlacardCocinaLavaderoBaño completoBalcón terrazaAire acondicionado Frio / CalorParrillaCochera individual fija cubierta,,,,WhatsApp,Contactar,Vuelta de Obligado  al 4200 y Correa,46,1,1,,1,1
/propiedades/clasificado/alclapin-alquiler-monoambiente-en-coghlan-55474021.html,14,450000,$,78000,$,"Coghlan, Capital Federal",32 m² tot.1 amb.1 baño,"Alquiler hermoso monoambiente en Coghlan. Apto destino residencial y/o profesional. En primer piso. Al frente, Muy luminoso! Cómodo y funcional. Excelente estado, como nuevo! Expensas, servicios y abl ( tasa e impuesto) no incluidos en el valor del alquiler. Cuenta con: • Ambiente principal con salida al balcón. • Cocina integrada al ambiente. • Balcón al frente con vista abierta a la esquina. • Baño completo. • Cañería preparada para instalación de equipos de Aire Acondicionado tipo split frío/calor. • Agua caliente por termotanques alta recuperación de instalación central. • Construcción de excelentes terminaciones y primera calidad. Amenities y servicios del edificio: • sum- Terraza y Solarium. • huerta- espacio ecológico para copropietarios. • energía solar- termotanques con precalentamiento de agua. • guardabicicletas. Edificio de pb + 6 pisosEn el tranquilo barrio de Coghlan en la esquina de Washington y Manuela Pedraza, a pasos de Av Balbin. Zona ideal para disfrutar la tranquilidad y el verde. Con variada oferta de medios de transportes cercanos y fácil acceso en automóvil. Ubicación cercana a Parque Saavedra. A 4 cuadras de Avenida Congreso, 8 de Avenida Cramer y 13 de Avenida Cabildo. Requisitos: Ajuste trimestral por ipc. Demostración de ingresos. Garantía propietaria caba o seguro de caución. Mes de depósito en garantía. Pago mes adelantado. Pago de expensas, servicios y abl ( no incluidos en el valor del alquiler). Accesible para personas con movilidad física reducida ( ley 5115). Para mayor información, comunícate con nosotros o dejanos tu teléfono y nos contactaremos a la brevedad. Aviso legal: Las medidas, superficies y datos consignados son aproximados, sujetos a verificación por el interesado en adquirir. Los datos exactos constan en los correspondientes documentos legales, los cuales se encuentran disponibles. El precio del Inmueble puede ser modificado sin previo aviso. Fotos de carácter no contractual. Aviso en preparación. En cumplimiento de la leyes provinciales vigentes que regulan el corretaje inmobiliario, Ley Nacional 25. 028, Ley 22. 802 de Lealtad Comercial, Ley 24. 240 de Defensa al Consumidor, las normas del Código Civil y Comercial de la Nación y Constitucionales, los agentes/gestores no ejercen el corretaje inmobiliario. Todas las operaciones inmobiliarias son objeto de intermediación y conclusión por parte de los martilleros y corredores colegiados, cuyos datos se exhiben debajo del nombre de la inmobiliaria. Venta supeditada al cumplimiento por parte del propietario de los requisitos de la resolución general Nº 2371 de la afip (pedido de coti). “Para los casos de alquiler de vivienda, el monto máximo de comisión que se le puede requerir a los propietarios será el equivalente al cuatro con quince centésimos por ciento (4, 15%) del valor total del respectivo contrato. Art. 5°, Ley 5859 (inc. 9 del art. 10, Ley 2340). Se encuentra prohibido cobrar a los inquilinos que sean personas físicas comisiones inmobiliarias y gastos de gestoría de informes”. Art. 4°, Ley 5859 ( inc. 8, art. 10, Ley 2340). Conforme Ley 2340 subsiguientes y concordantes se hace saber debida inscripción pohulanik propiedades - cucicba 7656.",,,,WhatsApp,Contactar,Washington  al 3300,32,1,1,,,
/propiedades/clasificado/alclapin-alquiler-departamento-mono-ambiente-apto-profesional-55613468.html,13,380000,$,125000,$,"Saavedra, Capital Federal",29 m² tot.1 amb.1 baño,"Exelente ubicacion, departamento con mueble integral incluido, balcon al contrafrente abierto, piso 14, amplias y buenas vistas. Cocina separada, con estufa instalada, Oportunidad!",,,,WhatsApp,Contactar,Manuel Ugarte 3883,29,1,1,,,
/propiedades/clasificado/alclapin-en-pozo-monambiente-de-33-m-sup2--11de-septiembre-55149670.html,27,480000,$,120000,$,"Saavedra, Capital Federal",34 m² tot.1 amb.1 baño,"Monoambiente con detalles de categoria en Alquiler. Al frente con balcon, Conexion de lavarropasEdificio con Parrilla, Seguridad 24hs en la calle 11 de Septiembre esquina Pico mts. Av. Del LibertadorAmbiente con salida al balconSplit Frio-CalorCocina integrada con muebles bajo mesada y alacenasConexion de lavarropasAnafe VitroceramicoHorno ElectricoPortero Electrico VisorSeguridad 24hs por totem/camarasParrillaDigno de Visitarsambra propiedadesubicado en Pico 1689 esquina 11 de Septiembre, con rápidas salidas hacia el centro de la ciudad y hacia zona Norte. Además se encuentra a escasos metros de la estación Rivadavia del tren línea Mitre que en corto tiempo nos lleva tanto a Retiro como a las estaciones de zona Norte. Es una zona rodeada de verde, muy próximo al Parque de los Niños, paseo vial costero de Vicente Lopez, y Centros comerciales como el Supermercado Carrefour de Av. Del Libertador, Sodimac, y el nuevo Shopping a inaugurarse sobre Av. Libertador lindero al Carrefour. El mismo contara con un complejo de cines y un polo gastronómico además de los locales comerciales. El Edificio: Suntuoso hall de entrada con diseño y terminaciones de categoría. Dos ascensores automáticos en acero inoxidable e indicador de parada por voz. Seguridad: cctv con grabación permanente de todos los eventos y posibilidad de seguimiento por internet ; Instalación para vigilancia con central de conserjería comunicada con los departamentos. Portero eléctrico preparado para visor color con exclusivo selector de cámaras conectado al cctv. Las Unidades: Departamentos muy luminosos llenos de luz y sol. Todos al frente. Pisos de porcellanato de 1ra calidad. Revestimiento de baños en cerámica de 1ra calidad con detalles de guarda. Artefactos sanitarios y griferías de baño de primera marca. Muebles de cocina terminación en melamina y aluminio. Mesadas de cocina en granito gris mara y bachas de acero inoxidable. Anafe eléctrico de marca reconocida. Aire acondicionado Split. Carpinterías de aluminio anodizado línea Módena de aluar. Instalación lista para Internet y tv. Sambra propiedadescarolina L. SternMatrícula N°5539cucicba",,,,,Contactar,"Pico y 11 de Septiembre Lindo Monoambiente    con Patio  Detalles de Categoria en Alquiler. Al Frente con Balcón, Conexion de Lavarropas., El Edificio Posee Parrilla y Seguridasd 24 hs",34,1,1,,,
/propiedades/clasificado/alclapin-coghlan-monoamb-excelente-coc-bno-lav-bcon-48267038.html,38,390000,$,43000,$,"Coghlan, Capital Federal",24 m² tot.1 amb.1 baño,"Manuel ugarte 3800: entre estomba Y romulo naon: A 1 cuadra de estacion coghlan del ferrocarril mitre -Y A 1 cuadra de av. Congreso - hay 2 ascensores - piso 2° contrafrente con balcon de 0, 50 X 1, 50 mts Y vista abierta - se entrega en perfecto estado - pisos ceramicos - cuenta con un aparato de aire acondicionado frio-calor Y una estufa A gas tiro balanceado - todo funcionando perfectamente - cocina separada reciclada con alacena colgante, mesada Y bajo mesada nuevas - lugar P/ heladera - lavadero independiente - baño con artefactos - calefon en lavadero - impecable-estado- aclaracion sobre las expensas en la liquidacion figuran $ Ver datos pero incluyen aysa Ver datos O sea las expensas reales sin aysa $ 43000 - listo para entrar A habitar - se acepta mascota pequeña- cel: Ver datos (jaime) Y Ver datos (silvia) ""Para los casos de alquiler de vivienda, el monto máximo de comisión que se le puede requerir a los propietarios será el equivalente al cuatro con quince centésimos por ciento (4, 15%) del valor total del respectivo contrato. Se encuentra prohibido cobrar a los inquilinos que sean personas fisicas comisiones inmobiliarias y gastos de gestoría de informes"".",,,,WhatsApp,Contactar,MANUEL UGARTE 3883,24,1,1,,,
/propiedades/clasificado/alclapin-alquiler-temporario-monoambiente-coghlan-55469642.html,26,600000,$,,,"Coghlan, Capital Federal",42 m² tot.1 amb.1 baño,"Alquiler temporario Departamento monoambiente en Coghlan, Capital Federal. Precioso y muy amplio monoambiente amueblado, en un segundo piso al frente, con balcón, orientación Este. Cuenta con una amplia cocina integrada, con muebles de alto y bajo mesada, extractor de aire, horno eléctrico, anafe, microondas y heladera. Gran placard empotrado en pared. ;Baño completo. Cortina divisoria, para dar mayor intimidad al sector dormitorio, separándolo del living. El edificio cuenta con piscina y solarium con reposeras, duchas, una gran terraza con parrilla, sum para 30 personas (con servicio de wifi) y Laundry Ubicado en una zona muy segura de Coghlan, con amplio acceso a todos los medios de transporte. El departamento esta equipado para ofrecer todas las comodidades necesarias. El valor del alquiler no contempla expensas, WiFi, tv, y servicios de luz. Alquiler mínimo 3 meses.",,,,WhatsApp,Contactar,Monroe 3605,42,1,1,,,
/propiedades/clasificado/alclappa-monoambiente-amplio-apto-profesional-en-coghlan-55504938.html,13,400000,$,150000,$,"Coghlan, Capital Federal",35 m² tot.1 amb.1 baño,"Ubicación privilegiada en zona residencial, con acceso a múltiples medios de transporte y comercios cercanos. Departamento de un ambiente amplio y luminoso, con pisos flotantes de madera. Cocina integrada con alacenas y bajo mesada, equipada con cocina y extractor. Espacio para heladera. Balcón con vistas abiertas. Baño completo con bañera y mampara de vidrio. Espacio de guardado empotrado. Aire acondicionado y estufa a gas. Excelente estado! Amenities: Seguridad por Totem. Laundry. sum y parilla. Solarium con duchas",,,,,Contactar,Superí,35,1,1,,,
/propiedades/clasificado/alclapin-alquiler-monoambiente-con-balcon-cabildo-al-4200-54937766.html,6,330000,$,85000,$,"Saavedra, Capital Federal",30 m² tot.1 amb.1 dorm.1 baño,"Luminoso Monoambiente con Balcón al contrafente piso 11. Este departamento se encuentra sobre Av Cabildo al 4200, zona comercial con metrobus a minutos en colectivo de la Estación Congreso de Tucumán. Apto Profesional. El departamento no cuenta con conexión para lavarropa. La cocina es separada con ventilación al balcón. Baño completo. La propiedad tiene Aire Acondicionado, Cocina de 4 hornallas con gas. Requisitos. Ingresos Comprobables superior a $ 800. 000- Garantía Propietaria en caba, si es Pcia de Familiar directo y no más de 45km de caba ó Seguro de Caución (finaer-Banco Ciudad ó Provincia) Contrato por 2 años, Ajuste Trimestral por ipc. Depósito en Garantía: mes y medio en dólares. Gastos de Informes y Certificación de Firmas por Escribano",,,,WhatsApp,Contactar,Av Cabido,30,1,1,,1,
/propiedades/clasificado/alclapin-monoambiente-amoblado.-frente.-balcon.-coghlan-55553469.html,20,500000,$,50000,$,"Coghlan, Capital Federal",39 m² tot.1 amb.1 baño,"En Zapiola y Tamborini a pasos de Cramer, te traemos este hermoso monoambiente amoblado, listo para que lo ocupes. Diseño minimalista. Moderno. El edificio cuenta con amplios espacios comunes. Es al frente con un balcón aterrazado de grandes dimenciones El departamento está en el 2 ° piso. Tiene baño completo La cocina integrada está muy bien equipada. Split A/A y calefacción por losa radiante que controlás desde la misma unidad. Lo ofrecemos amoblado. También tenes la opción de alquilarlo sin los muebles, consultanos. Condiciones de contratación Contrato por 24 meses Ajuste cuatrimestral por icl Garantía Propietaria en caba o seguro de caución, Finaer, Afianzar, Respaldar o Premium Depósito 2 meses o su equivalente en U$S Se requieren ingresos comprobables, el monto del alquiler no debe superar el 30 % de los ingresos. Para máximo 2 personas. No se aceptan mascotas. Gastos a cargo del locador: expensas comunes, abl ( tasa Alumbrado Barrido y limpieza) y Aysa y servicio. Gastos por informes comerciales y de garantía. Certificación de firmas en escribanía. Se solicitará al locatario seguro de incendio. Matrícula Nº 5982 cucicba. Para los casos de alquiler de vivienda, el monto máximo de comisión que se le puede requerir a los propietarios será el equivalente al cuatro con quince centésimos por ciento (4, 15%) del valor total del respectivo contrato. Se encuentra prohibido cobrar a los inquilinos que sean personas físicas comisiones inmobiliarias y gastos de gestoría de informes. - Se deja constancia que las medidas, superficies, m² y proporciones consignadas son aproximados, al igual que las medidas parciales y/o de los ambientes están sujetas a verificación y/o ajuste. Las reales surgirán de los respectivos planos y/o escritura. El valor indicado de expensas está sujeto a variación. El precio del inmueble puede ser modificado sin previo aviso. Fotos de carácter no contractual.",,,,WhatsApp,Contactar,Zapiola 3216,39,1,1,,,
/propiedades/clasificado/alclappa-impecable-monoambiente-55384999.html,10,400000,$,110000,$,"Saavedra, Capital Federal",31 m² tot.1 amb.1 baño,"Impecable mono-ambiente en Saavedra, contra frente, muy luminoso. La unidad cuenta con balcón, aire acondicionado, baño completo. Como a estrenar. Todo eléctrico. Con parrilla en la terraza. A metros de parque Saavedra, a 7 cuadras de Av. Cabildo. Contrato a dos años, con incremento trimestral indice ipc. Ingresos comprobables, garantía de caba o seguro de cauciòn. Abl $10. 500",,,,WhatsApp,Contactar,Zapiola,31,1,1,,,
/propiedades/clasificado/alclapin-alquiler-monoambiente-saavedra-balcon-pileta-55538521.html,26,520000,$,127500,$,"Saavedra, Capital Federal",33 m² tot.1 amb.1 baño,"Corredor Responsable: Daniel Acosta cpi 2406 / cmcpsi 5953- Contacto: Juan Manuel Nandin. en alquiler departamento monoambiente amplio con balcon - 8V0 piso- lateral - luminoso excelente estado- edificio con sum, laundry Y pileta- se alquila vacio- sin muebles. cocina living lavadero baño completo, aire acondicionado, placard. requisitos: - contrato de 2 años (aumento trismetral icl) -1 mes de deposito. - 1 mes de adelanto. - ingresos en blanco que tripliquen el valor del alquiler. - garantia de capital O seguron de caucion. descripcion de la propiedad. Transportes cercanos: Colectivos: 19, 41, 67, 76, 107, 114, 133, 151, 169, 175. Cercanía al Parque Saavedra. Edificio de 13 plantas, de una antigüedad de 2 años y medio. Unidad ubicada en el 8° piso, depto. C. La superficie cubierta del departamento es de 27, 28 m2, la superficie del balcón es de 5, 74 m2 y la superficie total es de 33, 02 m2. Esta unidad posee una parte de piso flotante, cuenta con un aire acondicionado frío/calor, placares para guardado hechos a medida y salida al balcón. El área de la cocina está integrada y posee piso de porcelanato y cocina eléctrica. Baño completo con piso de porcelanato. Losa radiante central. Servicios y amenities del edificio: Encargado, pileta, sum, laundry. Expensas: xxxxx. abl: xxxx. Remax Argentina S. R. L. No ejerce el corretaje inmobiliario. El presente sitio web es una plataforma en donde cada oficina inmobiliaria independiente que contrata los servicios re/max puede publicar las propiedades a su cargo. Cada oficina es de propiedad y gestión independiente, por lo que Remax Argentina S. R. L no interviene en los datos de la publicación, en la operación inmobiliaria, ni en la confección y/o firma del boleto de compraventa y/o escritura y/o contrato de alquiler. En cumplimiento de las leyes vigentes que regulan el corretaje inmobiliario, Ley Nacional 25. 028, Ley 22. 802 de Lealtad Comercial, Ley 24. 240 de Defensa al Consumidor, las normas del Código Civil y Comercial de la Nación y Constitucionales, los agentes/gestores no ejercen el corretaje inmobiliario. Todas las operaciones inmobiliarias son objeto de intermediación y conclusión por parte del corredor público inmobiliario colegiado a cargo de la publicación, cuyos datos se exhiben en la presente. La presente publicación describe las características esenciales del inmueble, debiéndose consultar al corredor público inmobiliario responsable de la operación por la eventual actualización de las medidas, descripciones arquitectónicas y funcionales, valores de expensas, servicios, impuestos, precios y demás información, cuyos valores son aproximados. Para los casos de alquiler de vivienda, el monto máximo de comisión que se le puede requerir a los propietarios será el equivalente al cuatro con quince centésimos por ciento (4, 15%) del valor total del respectivo contrato. Se encuentra prohibido cobrar a los inquilinos que sean personas físicas comisiones inmobiliarias y gastos de gestoría de informes. El inmueble no es accesible para personas con discapacidades físicas.",,,,WhatsApp,Contactar,Avenida García del Río 2500,33,1,1,,,
/propiedades/clasificado/alclapin-departamento-en-alquiler-en-saavedra-capital-federal-55576382.html,14,550000,$,100000,$,"Saavedra, Capital Federal",36 m² tot.1 amb.,"Monoambiente Al Frente con Amenities - Saavedra. monoambiente al frente con amenities - saavedra. Departamento de 36, 00 m² - living comedor: 4. 50 x 3. 60. - cocina integrada: 1. 90 x 0. 85. - dormitorio: 2. 90 2. 85. - 1 baño. - balcon: 5. 50 x 1. 50. requisitos de alquiler para viviendas: *seguro de caución finaer excluyente. *recibo de sueldo, comprobantes de ingresos justificados. * gastos de -luz – gas- – aysa- abl A cargo del locatario. *vigencia del contrato: 24 meses. *máximo de ocupantes: 2. *mascotas: no. *incrementos cuatrimestral indice ipc. *A tener en cuenta: todos los contratos detallan que el locatario deberá gestionar un seguro contra incendio, resp. Civil Y linderos A favor del locador. *el valor de expensas en el caso de poseer, es A modo orientativo, los valores exactos serán A verificar de acuerdo A la última liquidación. Se encuentra prohibido cobrar comisiones inmobiliarias Y gastos de gestoría de informes A los inquilinos que sean personas físicas. Para los casos de alquiler de vivienda, el monto máximo de comisión que se le puede requerir A los propietarios será el equivalente al cuatro con quince centésimos por ciento (4, 15%) del valor total del respectivo contrato (conf. El art. 4 de la ley 5. 859 de C. A. B. A) aviso legal: las descripciones arquitectónicas Y funcionales, valores de expensas, impuestos Y servicios, fotos Y medidas de este inmueble son aproximados. Los datos fueron proporcionados por el propietario Y pueden no estar actualizados A la hora de la visualización de este aviso por lo cual pueden arrojar inexactitudes Y discordancias con las que surgen de los las facturas, títulos Y planos legales del inmueble. El interesado deberá realizar las verificaciones respectivas previamente A la realización de cualquier operación, requiriendo por sí O sus profesionales las copias necesarias de la documentación que corresponda. Matricula C. U. C. I. C. ba N° 6651 Y matricula C. M. C. P. S. I N° 6192. matias marcolini propiedades. Ver datos. www. marcoliniprop. com. ar. tel. Ver datos. Edificio de 4 años de antigüedad. - cuenta con solarium, pileta, parrilla, sum, gym Y laundry. Agua caliente central Y calefaccion por loza radiante, piso de porcelanato en el living, piso flotante en el dormitorio Y placares espejados con interiores completos.",,,,WhatsApp,Contactar,Av Ricardo Balbín 4300,36,1,,,,
/propiedades/clasificado/alclapin-alquiler-1-ambiente-55602386.html,14,400000,$,100000,$,"Saavedra, Capital Federal",41 m² tot.1 amb.1 baño,"Alquiler 1 Ambiente. Sobre García del Río al 4000 entre Tronador y Estomba, barrio de Saavedra. Excelente departamento de 1 Ambiente, orientación Este. Totalmente Luminoso (Ver fotos). Excelente Ubicación: A tan solo 200 metros de la estación Saavedra - Ferrocarril Mitre - hacia y desde Retiro. A tan solo 100 metros de Av. Ricardo Balbín. A tan solo 400 metros del Parque Saavedra. Configuración de la unidad: Balcón Corrido al Frente. Anafe eléctrico. Muebles de cocina altos y bajos. Agua caliente central. Barra desayunadora. Equipo de aire acondicionado frío / calor. Ventilador de Techo. Cortinas / Blackout. Apliques de luces. Placard completo. Baño Completo. Amenities: Laundry. Requerimientos: no Apto Mascotas. No Apto Profesional. Mes de adelanto. Mes en depósito U$D 450. Seguro de Caución: finaer - garantia ya. Seguro de Responsabilidad Civil / Incendio. Ajustes Cuatrimestrales - ipc / Indec. Expensas Ordinarias. Abl / Impuesto Inmboliario. Para mayor grado de información, esperamos tú comunicación Vía WhatsApp. - Cumple Acceso para personas con movilidad reducida. Honorarios inmobiliarios a cargo del Locador. - cucicba 6820",,,,WhatsApp,Contactar,García del Río 4000,41,1,1,,,
/propiedades/clasificado/alclapin-departamento-de-1-ambiente-55437095.html,6,350000,$,80000,$,"Saavedra, Capital Federal",30 m² tot.1 amb.1 baño,"Departamento de 1 ambiente al contrafrente con balcón, cocina separada y baño completo. Separador de ambiente. Luminoso",,,,WhatsApp,Contactar,Superi  3500 2°,30,1,1,,,
/propiedades/clasificado/alclapin-alquiler-departamento-mono-ambiente-a-estrenar-en-55535614.html,16,430000,$,100000,$,"Saavedra, Capital Federal",30 m² tot.1 amb.1 dorm.1 baño,"Alquiler de Departamento en Saavedra mono ambiente bio estudios te ofrece la oportunidad de vivir en un espacio moderno a estrenar y con todas las comodidades que necesitas. Beneficios para tu día a día: - Espacios luminosos y bien distribuidos: Este departamento tipo mono ambientes tiene un diseño inteligente para aprovechar al máximo cada rincón. - Cocina completa: Con Anafe a gas y horno eléctrico, espacio para lavarropa o lavavajilla, alacenas. Equipada con todo lo necesario para preparar tus comidas favoritas. - Airea acondicionado frio calor incluido. Carpinterías de aluminio con dvh. - Amenities pensadas para vos: sum/espacio Co-Work en planta baja, y parrilla en la terraza verde con piscina, También laundry y bicicletero. - Camaras de seguridad en en todos los pisos. - Ubicación estratégica: En Saavedra, con excelente conectividad y acceso a transporte público, comercios y servicios. - Condiciones: Contrato puede ser a dos años o un año, con ajuste trimestral por icl Es requisito excluyente para la garantía contratar seguro de garantía, fianza o caución. ¡Viví como siempre quisiste! Corredor Aníbal HernandoMatriculas: 8595 cucicba / 283 cmcpdjmgr",,,,WhatsApp,Contactar,Machain 4912 Uf11,30,1,1,,1,
/propiedades/clasificado/alclappa-excelente-departamento-con-balcon-t-parrilla-55402582.html,10,340000,$,120000,$,"Coghlan, Capital Federal",30 m² tot.1 amb.1 dorm.1 baño,"Departamento luminoso, con sol. Posee balcón a la calle y parrilla. Bano completo, agua caliente central. Pedimos garantia por seguros de caución o garantia propietaria. Contactarse por whatApp Ver datos. Eduardo Whatsapp Ver datos",,,,WhatsApp,Contactar,Manuela Pedraza 3787,30,1,1,,1,
/propiedades/clasificado/alclappa-dueno-directo-monoambiente-en-saavedra-52399216.html,10,450000,$,55000,$,"Saavedra, Capital Federal",38 m² tot.1 amb.,Excelente monoambiente. Edificio con amenities. Sum. Parrilla. Jacuzzi. Ubicado a cuadras del Parque Saavedra. Expensas de Enero $ 55. 000 (incluyen agua y gas) Aparte se paga la luz y el abl. Dueño directo. Para saber condiciones contactarse por Whatsapp,,,,WhatsApp,Contactar,Holmberg,38,1,,,,
